ENTRY; SUMMARY; ACCESS_COMPLEXITY; AUTHENTICATION; CONFIDENTIALITY; INTEGRITY; AVAILABILITY; EXPLOITABILITY; SCORE; PRODUCTS_AFFECTED; PRESENCE; IMPACT; CRITICALITY_FOR_HEALTH; CATEGORY; YEAR 
CVE-2001-1594;GE Healthcare eNTEGRA P&R has a password of (1) entegra for the entegra user, (2) passme for the super user of the Polestar/Polestar-i Starlink 4 upgrade, (3) 0 for the entegra user of the Codonics printer FTP service, (4) eNTEGRA for the eNTEGRA P&R user account, (5) insite for the WinVNC Login, and possibly other accounts, which has unspecified impact and attack vectors.  NOTE: it is not clear whether this password is default, hardcoded, or dependent on another system or product that requires a fixed value.;LOW;NONE;COMPLETE;COMPLETE;COMPLETE;10,0;10,0;1;,00209;,02088;YES;CWE-255;2001
CVE-2002-2445;GE Healthcare Millennium MG, NC, and MyoSIGHT has a default password of (1) root.genie for the root user, (2) "service." for the service user, (3) admin.genie for the admin user, (4) reboot for the reboot user, and (5) shutdown for the shutdown user, which has unspecified impact and attack vectors.;LOW;NONE;COMPLETE;COMPLETE;COMPLETE;10,0;10,0;3;,00626;,06263;YES;NVD-CWE-noinfo;2002
CVE-2002-2446;GE Healthcare Millennium MG, NC, and MyoSIGHT has a password of insite.genieacq for the insite account that cannot be changed without disabling product functionality for remote InSite support, which has unspecified impact and attack vectors.;LOW;NONE;COMPLETE;COMPLETE;COMPLETE;10,0;10,0;3;,00626;,06263;YES;CWE-255;2002
CVE-2003-1603;GE Healthcare Discovery VH has a default password of (1) interfile for the ftpclient user of the Interfile server or (2) "2" for the LOCAL user of the FTP server for the Codonics printer, which has unspecified impact and attack vectors.;LOW;NONE;COMPLETE;COMPLETE;COMPLETE;10,0;10,0;1;,00209;,02088;YES;CWE-255;2003
CVE-2004-0624;PHP remote file inclusion vulnerability in index.php for Artmedic links 5.0 (artmedic_links5) allows remote attackers to execute arbitrary PHP code by modifying the id parameter to reference a URL on a remote web server that contains the code.;LOW;NONE;PARTIAL;PARTIAL;PARTIAL;10,0;7,5;1;,00209;,01566;NO;NVD-CWE-Other;2004
CVE-2004-2777;GE Healthcare Centricity Image Vault 3.x has a password of (1) gemnet for the administrator account, (2) webadmin for the webadmin administrator account of the ASACA DVD library, (3) an empty value for the gemsservice account of the Ultrasound Database, and possibly (4) gemnet2002 for the gemnet2002 account of the GEMNet license server, which has unspecified impact and attack vectors.  NOTE: it is not clear whether this password is default, hardcoded, or dependent on another system or product that requires a fixed value.;LOW;NONE;COMPLETE;COMPLETE;COMPLETE;10,0;10,0;1;,00209;,02088;YES;CWE-255;2004
CVE-2005-2285;WebEOC before 6.0.2 stores sensitive information in locations such as URIs, web pages, and configuration files, which allows remote attackers to obtain information such as Usernames, Passwords, Emergency information, medical information, and system configuration.;LOW;NONE;PARTIAL;NONE;NONE;10,0;5,0;1;,00209;,01044;NO;NVD-CWE-Other;2005
CVE-2006-2119;PHP remote file inclusion vulnerability in event/index.php in Artmedic Event allows remote attackers to execute arbitrary code via a URL in the page parameter.;LOW;NONE;NONE;PARTIAL;NONE;10,0;5,0;1;,00209;,01044;NO;NVD-CWE-Other;2006
CVE-2006-2517;SQL injection vulnerability in MyWeb Portal Office, Standard Edition, Public Edition, Medical Edition, Citizen Edition, School Edition, and Light Edition allows remote attackers to execute arbitrary SQL commands via unknown attack vectors.;LOW;NONE;PARTIAL;PARTIAL;PARTIAL;10,0;7,5;6;,01253;,09395;NO;NVD-CWE-Other;2006
CVE-2006-2608;artmedic newsletter 4.1 and possibly other versions, when register_globals is enabled, allows remote attackers to modify arbitrary files and execute arbitrary PHP code via the logfile parameter in a direct request to log.php, which causes the $logfile variable to be redefined to an attacker-controlled value, as demonstrated by injecting PHP code into info.php.;HIGH;NONE;PARTIAL;PARTIAL;PARTIAL;4,9;5,1;1;,00209;,01065;NO;NVD-CWE-Other;2006
CVE-2006-2609;artmedic newsletter 4.1.2 and possibly other versions, when register_globals is enabled, allows remote attackers to modify arbitrary files and execute arbitrary PHP code via the email parameter to newsletter_log.php.  NOTE: the provenance of this information is unknown, the details are obtained solely from third party information.;HIGH;NONE;PARTIAL;PARTIAL;PARTIAL;4,9;5,1;1;,00209;,01065;NO;NVD-CWE-Other;2006
CVE-2006-4905;PHP remote file inclusion vulnerability in index.php in Artmedic Links 5.0 allows remote attackers to execute arbitrary PHP code via a URL in the id parameter, which is processed by the readfile function.;LOW;NONE;PARTIAL;PARTIAL;PARTIAL;10,0;7,5;1;,00209;,01566;NO;NVD-CWE-Other;2006
CVE-2006-7253;GE Healthcare Infinia II has a default password of (1) infinia for the infinia user, (2) #bigguy1 for the acqservice user, (3) dont4get2 for the Administrator user, (4) #bigguy1 for the emergency user, and (5) 2Bfamous for the InfiniaAdmin user, which has unspecified impact and attack vectors.;LOW;NONE;COMPLETE;COMPLETE;COMPLETE;10,0;10,0;1;,00209;,02088;YES;CWE-255;2006
CVE-2007-5489;Directory traversal vulnerability in index.php in Artmedic CMS 3.4 and earlier allows remote attackers to include and execute arbitrary local files via a .. (dot dot) in the page parameter.;LOW;NONE;PARTIAL;PARTIAL;PARTIAL;10,0;7,5;1;,00209;,01566;NO;CWE-22;2007
CVE-2007-5600;Incomplete blacklist vulnerability in index.php in Artmedic CMS 3.4 and earlier allows remote attackers to execute arbitrary PHP code via a (1) UNC share pathname, or a (2) ftps, (3) ssh2.sftp, or (4) ssh2.scp URL, in the page parameter, for which PHP remote file inclusion is blocked only for http, https, and ftp URLs.;MEDIUM;NONE;PARTIAL;PARTIAL;PARTIAL;8,6;6,8;1;,00209;,01420;NO;CWE-94;2007
CVE-2007-6756;ZOLL Defibrillator / Monitor M Series, E Series, and R Series have a default password for System Configuration mode, which allows physically proximate attackers to modify device configuration and cause a denial of service (adverse human health effects).;LOW;NONE;NONE;NONE;COMPLETE;3,9;4,9;3;,00626;,03069;YES;CWE-255;2007
CVE-2007-6757;GE Healthcare Centricity DMS 4.2, 4.1, and 4.0 has a password of Muse!Admin for the Museadmin user, which has unspecified impact and attack vectors.  NOTE: it is not clear whether this password is default, hardcoded, or dependent on another system or product that requires a fixed value.;LOW;NONE;COMPLETE;COMPLETE;COMPLETE;10,0;10,0;3;,00626;,06263;YES;CWE-255;2007
CVE-2008-0765;Multiple cross-site scripting (XSS) vulnerabilities in artmedic webdesign weblog allow remote attackers to inject arbitrary web script or HTML via the (1) date parameter to artmedic_print.php and the (2) jahrneu parameter to index.php.;MEDIUM;NONE;NONE;PARTIAL;NONE;8,6;4,3;1;,00209;,00898;NO;CWE-79;2008
CVE-2008-0798;Multiple directory traversal vulnerabilities in artmedic webdesign weblog 1.0, when magic_quotes_gpc is disabled, allow remote attackers to read arbitrary files via a .. (dot dot) in the (1) ta parameter to artmedic_index.php, reached through index.php, and the (2) date parameter to artmedic_print.php.;MEDIUM;NONE;PARTIAL;NONE;NONE;8,6;4,3;1;,00209;,00898;NO;CWE-22;2008
CVE-2009-5143;GE Healthcare Discovery 530C has a password of #bigguy1 for the (1) acqservice user and (2) wsservice user of the Xeleris System, which has unspecified impact and attack vectors.  NOTE: it is not clear whether this password is default, hardcoded, or dependent on another system or product that requires a fixed value.;LOW;NONE;COMPLETE;COMPLETE;COMPLETE;10,0;10,0;1;,00209;,02088;YES;CWE-255;2009
CVE-2010-3593;Unspecified vulnerability in the Health Sciences - Oracle Argus Safety component in Oracle Industry Applications 5.0, 5.0.1, 5.0.2, and 5.0.3 allows remote attackers to affect confidentiality, integrity, and availability via unknown vectors related to Login and LDAP.;LOW;NONE;PARTIAL;PARTIAL;PARTIAL;10,0;7,5;5;,01044;,07829;NO;NVD-CWE-noinfo;2010
CVE-2010-5306;GE Healthcare Optima CT680, CT540, CT640, and CT520 has a default password of #bigguy for the root user, which has unspecified impact and attack vectors.;LOW;NONE;COMPLETE;COMPLETE;COMPLETE;10,0;10,0;3;,00626;,06263;YES;CWE-255;2010
CVE-2010-5307;The HIPAA configuration interface in GE Healthcare Optima MR360 has a password of (1) operator for the root account, (2) adw2.0 for the admin account, and (3) adw2.0 for the sdc account, which has unspecified impact and attack vectors.  NOTE: it is not clear whether these passwords are default, hardcoded, or dependent on another system or product that requires a fixed value.;LOW;NONE;COMPLETE;COMPLETE;COMPLETE;10,0;10,0;1;,00209;,02088;YES;CWE-255;2010
CVE-2010-5308;GE Healthcare Optima MR360 does not require authentication for the HIPAA emergency login procedure, which allows physically proximate users to gain access via an arbitrary username in the Emergency Login screen.  NOTE: this might not qualify for inclusion in CVE if unauthenticated emergency access is part of the intended security policy of the product, can be controlled by the system administrator, and is not enabled by default.;LOW;NONE;COMPLETE;COMPLETE;COMPLETE;10,0;10,0;1;,00209;,02088;YES;CWE-255;2010
CVE-2010-5309;GE Healthcare CADStream Server has a default password of confirma for the admin user, which has unspecified impact and attack vectors.;LOW;NONE;COMPLETE;COMPLETE;COMPLETE;10,0;10,0;1;,00209;,02088;YES;CWE-255;2010
CVE-2010-5310;The Acquisition Workstation for the GE Healthcare Revolution XQ/i has a password of adw3.1 for the sdc user, which has unspecified impact and attack vectors.  NOTE: it is not clear whether this password is default, hardcoded, or dependent on another system or product that requires a fixed value.;LOW;NONE;COMPLETE;COMPLETE;COMPLETE;10,0;10,0;1;,00209;,02088;YES;CWE-255;2010
CVE-2011-2309;Unspecified vulnerability in the Health Sciences - Oracle Clinical, Remote Data Capture component in Oracle Industry Applications 4.6 and 4.6.2 allows remote attackers to affect integrity, related to RDC Help.;MEDIUM;NONE;NONE;PARTIAL;NONE;8,6;4,3;2;,00418;,01795;YES;NVD-CWE-noinfo;2011
CVE-2011-2323;Unspecified vulnerability in the Health Sciences - Oracle Thesaurus Management System component in Oracle Industry Applications 4.6.1 and 4.6.2 allows remote attackers to affect integrity, related to TMS Help.;MEDIUM;NONE;NONE;PARTIAL;NONE;8,6;4,3;2;,00418;,01795;NO;NVD-CWE-noinfo;2011
CVE-2011-3386;Unspecified vulnerability in Medtronic Paradigm wireless insulin pump 512, 522, 712, and 722 allows remote attackers to modify the delivery of an insulin bolus dose and cause a denial of service (adverse human health effects) via unspecified vectors involving wireless communications and knowledge of the device's serial number, as demonstrated by Jerome Radcliffe at the Black Hat USA conference in August 2011.  NOTE: the vendor has disputed the severity of this issue, saying "we believe the risk of deliberate, malicious, or unauthorized manipulation of medical devices is extremely low... we strongly believe it would be extremely difficult for a third-party to wirelessly tamper with your insulin pump... you would be able to detect tones on the insulin pump that weren't intentionally programmed and could intervene accordingly.";HIGH;NONE;NONE;PARTIAL;PARTIAL;4,9;4,0;4;,00835;,03340;YES;NVD-CWE-noinfo;2011
CVE-2011-5322;GE Healthcare Centricity Analytics Server 1.1 has a default password of (1) V0yag3r for the SQL Server sa user, (2) G3car3s for the analyst user, (3) G3car3s for the ccg user, (4) V0yag3r for the viewer user, and (5) geservice for the geservice user in the Webmin interface, which has unspecified impact and attack vectors.;LOW;NONE;COMPLETE;COMPLETE;COMPLETE;10,0;10,0;1;,00209;,02088;YES;CWE-255;2011
CVE-2011-5323;GE Healthcare Centricity PACS-IW 3.7.3.7, 3.7.3.8, and possibly other versions has a password of A11enda1e for the sa SQL server user, which has unspecified impact and attack vectors.  NOTE: it is not clear whether this password is default, hardcoded, or dependent on another system or product that requires a fixed value.;LOW;NONE;COMPLETE;COMPLETE;COMPLETE;10,0;10,0;2;,00418;,04175;YES;CWE-255;2011
CVE-2011-5324;The TeraRecon server, as used in GE Healthcare Centricity PACS-IW 3.7.3.7, 3.7.3.8, and possibly other versions, has a password of (1) shared for the shared user and (2) scan for the scan user, which has unspecified impact and attack vectors.  NOTE: it is not clear whether this password is default, hardcoded, or dependent on another system or product that requires a fixed value.;LOW;NONE;COMPLETE;COMPLETE;COMPLETE;10,0;10,0;2;,00418;,04175;YES;CWE-255;2011
CVE-2012-6660;GE Healthcare Precision MPi has a password of (1) orion for the serviceapp user, (2) orion for the clinical operator user, and (3) PlatinumOne for the administrator user, which has unspecified impact and attack vectors.  NOTE: it is not clear whether these passwords are default, hardcoded, or dependent on another system or product that requires a fixed value.;LOW;NONE;COMPLETE;COMPLETE;COMPLETE;10,0;10,0;1;,00209;,02088;YES;CWE-255;2012
CVE-2012-6693;GE Healthcare Centricity PACS 4.0 Server has a default password of (1) nasro for the nasro (ReadOnly) user and (2) nasrw for the nasrw (Read/Write) user, which has unspecified impact and attack vectors.;LOW;NONE;COMPLETE;COMPLETE;COMPLETE;10,0;10,0;1;,00209;,02088;YES;CWE-255;2012
CVE-2012-6694;GE Healthcare Centricity PACS Workstation 4.0 and 4.0.1, and Server 4.0, has a password of 2charGE for the geservice account, which has unspecified impact and attack vectors related to TimbuktuPro.  NOTE: it is not clear whether this password is default, hardcoded, or dependent on another system or product that requires it.;LOW;NONE;COMPLETE;COMPLETE;COMPLETE;10,0;10,0;3;,00626;,06263;YES;CWE-255;2012
CVE-2012-6695;GE Healthcare Centricity PACS Workstation 4.0 and 4.0.1 has a password of ddpadmin for the ddpadmin user, which has unspecified impact and attack vectors.  NOTE: it is not clear whether this password is default, hardcoded, or dependent on another system or product that requires a fixed value.;LOW;NONE;COMPLETE;COMPLETE;COMPLETE;10,0;10,0;2;,00418;,04175;YES;CWE-255;2012
CVE-2013-3061;The ISHMED-PATRED_TRANSACT_RFCCALL function in the IS-H Industry-Specific Component Hospital subsystem in SAP Healthcare Industry Solution, and the SAP ERP central component (aka ECC 6), allows remote authenticated users to bypass intended transaction restrictions via unspecified vectors.;LOW;SINGLE;PARTIAL;PARTIAL;PARTIAL;8,0;6,5;2;,00418;,02714;NO;CWE-264;2013
CVE-2013-5811;Unspecified vulnerability in the Oracle Health Sciences InForm component in Oracle Industry Applications 4.5 SP3, 4.5 SP3a-k, 4.6 SP0, 4.6 SP0a-c, 4.6 SP1, 4.6 SP1a-c, 4.6 SP2, 4.6 SP2a-c, 5.0 SP0, 5.0 SP0a, 5.0 SP1, and 5.0 SP1a-b allows remote authenticated users to affect confidentiality via unknown vectors related to Web.;MEDIUM;SINGLE;PARTIAL;NONE;NONE;6,8;3,5;29;,06054;,21190;NO;NVD-CWE-noinfo;2013
CVE-2013-5837;Unspecified vulnerability in the Oracle Health Sciences InForm component in Oracle Industry Applications 4.6 SP0, 4.6 SP0a-c, 4.6 SP1, 4.6 SP1a-c, 4.6 SP2, 4.6 SP2a-c, 5.0 SP0, 5.0 SP0a, 5.0 SP1, 5.0 SP1a-b, 5.0.3, and 5.0.4 allows remote authenticated users to affect confidentiality via unknown vectors related to Cognos.;HIGH;SINGLE;PARTIAL;NONE;NONE;3,9;2,1;19;,03967;,08330;NO;NVD-CWE-noinfo;2013
CVE-2013-5856;Unspecified vulnerability in the Oracle Health Sciences InForm component in Oracle Industry Applications 4.5 SP3, 4.5 SP3a-k, 4.6 SP0, 4.6 SP0a-c, 4.6 SP1, 4.6 SP1a-c, 4.6 SP2, 4.6 SP2a-c, 5.0 SP0, 5.0 SP0a, 5.0 SP1, 5.0 SP1a-b, 5.5 SP0, 5.5 SP0b, 5.5.1, and 6.0.0 allows remote authenticated users to affect confidentiality and integrity via unknown vectors related to Web.;HIGH;SINGLE;PARTIAL;PARTIAL;NONE;3,9;3,6;33;,06889;,24802;NO;NVD-CWE-noinfo;2013
CVE-2013-5857;Unspecified vulnerability in the Oracle Health Sciences InForm component in Oracle Industry Applications 4.5 SP3, 4.5 SP3a-k, 4.6 SP0, 4.6 SP0a-c, 4.6 SP1, 4.6 SP1a-c, 4.6 SP2, 4.6 SP2a-c, 5.0 SP0, 5.0 SP0a, 5.0 SP1, and 5.0 SP1a-b allows remote authenticated users to affect confidentiality and integrity via unknown vectors related to Web.;HIGH;SINGLE;PARTIAL;PARTIAL;NONE;3,9;3,6;29;,06054;,21795;NO;NVD-CWE-noinfo;2013
CVE-2013-7395;ZOLL Defibrillator / Monitor X Series has a default (1) supervisor password and (2) service password, which allows physically proximate attackers to modify device configuration and cause a denial of service (adverse human health effects).;LOW;NONE;NONE;NONE;COMPLETE;3,9;4,9;1;,00209;,01023;YES;CWE-255;2013
CVE-2013-7404;GE Healthcare Discovery NM 750b has a password of 2getin for the insite account for (1) Telnet and (2) FTP, which has unspecified impact and attack vectors.  NOTE: it is not clear whether this password is default, hardcoded, or dependent on another system or product that requires a fixed value.;LOW;NONE;COMPLETE;COMPLETE;COMPLETE;10,0;10,0;1;,00209;,02088;YES;CWE-255;2013
CVE-2013-7405;The Ad Hoc Reporting feature in GE Healthcare Centricity DMS 4.2 has a password of Never!Mind for the Administrator user, which has unspecified impact and attack vectors.  NOTE: it is not clear whether this password is default, hardcoded, or dependent on another system or product that requires a fixed value.;LOW;NONE;COMPLETE;COMPLETE;COMPLETE;10,0;10,0;1;,00209;,02088;YES;CWE-255;2013
CVE-2013-7442;GE Healthcare Centricity PACS Workstation 4.0 and 4.0.1 has a password of (1) CANal1 for the Administrator user and (2) iis for the IIS user, which has unspecified impact and attack vectors related to TimbuktuPro.  NOTE: it is not clear whether this password is default, hardcoded, or dependent on another system or product that requires it.;LOW;NONE;COMPLETE;COMPLETE;COMPLETE;10,0;10,0;2;,00418;,04175;YES;CWE-255;2013
CVE-2014-0348;The Artiva Agency Single Sign-On (SSO) implementation in Artiva Workstation 1.3.x before 1.3.9, Artiva Rm 3.1 MR7, Artiva Healthcare 5.2 MR5, and Artiva Architect 3.2 MR5, when the domain-name option is enabled, allows remote attackers to login to arbitrary domain accounts by using the corresponding username on a Windows client machine.;MEDIUM;SINGLE;PARTIAL;NONE;NONE;6,8;3,5;4;,00835;,02923;NO;CWE-287;2014
CVE-2014-5406;The Hospira LifeCare PCA Infusion System before 7.0 does not validate network traffic associated with sending a (1) drug library, (2) software update, or (3) configuration change, which allows remote attackers to modify settings or medication data via packets on the (a) TELNET, (b) HTTP, (c) HTTPS, or (d) UPNP port.  NOTE: this issue might overlap CVE-2015-3459.;MEDIUM;NONE;COMPLETE;COMPLETE;COMPLETE;8,6;9,3;3;,00626;,05825;YES;CWE-345;2014
CVE-2014-5431;Baxter SIGMA Spectrum Infusion System version 6.05 (model 35700BAX) with wireless battery module (WBM) version 16 contains a hard-coded password, which provides access to basic biomedical information, limited device settings, and network configuration of the WBM, if connected. The hard-coded password may allow an attacker with physical access to the device to access management functions to make unauthorized configuration changes to biomedical settings such as turn on and off wireless connections and the phase-complete audible alarm that indicates the end of an infusion phase. Baxter has released a new version of the SIGMA Spectrum Infusion System, version 8, which incorporates hardware and software changes.;LOW;NONE;PARTIAL;PARTIAL;PARTIAL;3,9;4,6;3;,00626;,02881;YES;CWE-798;2014
CVE-2014-5969;The healthylifestyle (aka com.alek.healthylifestyle) application 1.2.2 for Android does not verify X.509 certificates from SSL servers, which allows man-in-the-middle attackers to spoof servers and obtain sensitive information via a crafted certificate.;MEDIUM;NONE;PARTIAL;PARTIAL;PARTIAL;5,5;5,4;1;,00209;,01127;NO;CWE-310;2014
CVE-2014-6713;The MedQuiz: Medical Chat and MCQs (aka com.pdevsmedd.med) application 1.5 for Android does not verify X.509 certificates from SSL servers, which allows man-in-the-middle attackers to spoof servers and obtain sensitive information via a crafted certificate.;MEDIUM;NONE;PARTIAL;PARTIAL;PARTIAL;5,5;5,4;1;,00209;,01127;NO;CWE-310;2014
CVE-2014-6717;The iTriage Health (aka com.healthagen.iTriage) application 5.29 for Android does not verify X.509 certificates from SSL servers, which allows man-in-the-middle attackers to spoof servers and obtain sensitive information via a crafted certificate.;MEDIUM;NONE;PARTIAL;PARTIAL;PARTIAL;5,5;5,4;1;,00209;,01127;NO;CWE-310;2014
CVE-2014-6739;The Well-Being Connect Mobile (aka com.healthways.wellbeinggo) application 2.9 for Android does not verify X.509 certificates from SSL servers, which allows man-in-the-middle attackers to spoof servers and obtain sensitive information via a crafted certificate.;MEDIUM;NONE;PARTIAL;PARTIAL;PARTIAL;5,5;5,4;1;,00209;,01127;NO;CWE-310;2014
CVE-2014-7232;GE Healthcare Discovery XR656 and XR656 G2 has a password of (1) 2getin for the insite user, (2) 4$xray for the xruser user, and (3) #superxr for the root user, which has unspecified impact and attack vectors.  NOTE: it is not clear whether these passwords are default, hardcoded, or dependent on another system or product that requires a fixed value.;LOW;NONE;COMPLETE;COMPLETE;COMPLETE;10,0;10,0;2;,00418;,04175;YES;CWE-255;2014
CVE-2014-7233;GE Healthcare Precision THUNIS-800+ has a default password of (1) 1973 for the factory default System Utilities menu, (2) TH8740 for installation using TH8740_122_Setup.exe, (3) hrml for "Setup and Activation" using DSASetup, and (4) an empty string for Shutter Configuration, which has unspecified impact and attack vectors.  NOTE: since these passwords appear to be used to access functionality during installation, this issue might not cross privilege boundaries and might not be a vulnerability.;LOW;NONE;COMPLETE;COMPLETE;COMPLETE;10,0;10,0;1;,00209;,02088;YES;CWE-255;2014
CVE-2014-7335;The Liver Health - Hepatitis C (aka gov.nyc.dohmh.HepC) application 2.0.0 for Android does not verify X.509 certificates from SSL servers, which allows man-in-the-middle attackers to spoof servers and obtain sensitive information via a crafted certificate.;MEDIUM;NONE;PARTIAL;PARTIAL;PARTIAL;5,5;5,4;1;,00209;,01127;NO;CWE-310;2014
CVE-2014-7476;The Healthy Lunch Diet Recipes (aka com.best.lunchdietrecipes) application 3.6.1 for Android does not verify X.509 certificates from SSL servers, which allows man-in-the-middle attackers to spoof servers and obtain sensitive information via a crafted certificate.;MEDIUM;NONE;PARTIAL;PARTIAL;PARTIAL;5,5;5,4;1;,00209;,01127;NO;CWE-310;2014
CVE-2014-7562;The Health Advocate SmartHelp (aka com.healthadvocate.ui) application 3.6 for Android does not verify X.509 certificates from SSL servers, which allows man-in-the-middle attackers to spoof servers and obtain sensitive information via a crafted certificate.;MEDIUM;NONE;PARTIAL;PARTIAL;PARTIAL;5,5;5,4;1;,00209;,01127;NO;CWE-310;2014
CVE-2014-7646;The EMT-Paramedic Lite (aka com.wEMTparamedicLite) application 0.1 for Android does not verify X.509 certificates from SSL servers, which allows man-in-the-middle attackers to spoof servers and obtain sensitive information via a crafted certificate.;MEDIUM;NONE;PARTIAL;PARTIAL;PARTIAL;5,5;5,4;1;,00209;,01127;NO;CWE-310;2014
CVE-2014-7760;The Health assistance service (aka net.nttcloud.ft.karada) application 2.4.1 for Android does not verify X.509 certificates from SSL servers, which allows man-in-the-middle attackers to spoof servers and obtain sensitive information via a crafted certificate.;MEDIUM;NONE;PARTIAL;PARTIAL;PARTIAL;5,5;5,4;1;,00209;,01127;NO;CWE-310;2014
CVE-2014-8659;Directory traversal vulnerability in SAP Environment, Health, and Safety allows remote attackers to read arbitrary files via unspecified vectors.;LOW;NONE;PARTIAL;NONE;NONE;10,0;5,0;1;,00209;,01044;NO;CWE-22;2014
CVE-2014-8664;SQL injection vulnerability in Product Safety (EHS-SAF) component in SAP Environment, Health, and Safety Management allows remote attackers to execute arbitrary SQL commands via unspecified vectors.;LOW;NONE;PARTIAL;PARTIAL;PARTIAL;10,0;7,5;1;,00209;,01566;NO;CWE-89;2014
CVE-2014-9736;GE Healthcare Centricity Clinical Archive Audit Trail Repository has a default password of initinit for the (1) SSL key manager and (2) server keystore, (3) keystore_password for the server truststore, and atna for the (4) primary storage database and (5) archive storage database, which has unspecified impact and attack vectors.;LOW;NONE;COMPLETE;COMPLETE;COMPLETE;10,0;10,0;1;,00209;,02088;YES;CWE-255;2014
CVE-2015-2579;Unspecified vulnerability in the Oracle Health Sciences Argus Safety component in Oracle Health Sciences Applications 8.0 allows local users to affect confidentiality via vectors related to BIP Installer.;LOW;NONE;PARTIAL;NONE;NONE;3,9;2,1;1;,00209;,00438;NO;NVD-CWE-noinfo;2015
CVE-2015-2814;SAP EMR Unwired (com.sap.mobile.healthcare.emr.v2) and Clinical Task Tracker (com.sap.mobile.healthcare.ctt) does not properly restrict access, which allows remote attackers to change the backendurl, clientid, ssourl, and infopageurl settings via unspecified vectors, aka SAP Security Note 2117079.;LOW;NONE;NONE;PARTIAL;PARTIAL;10,0;6,4;2;,00418;,02672;YES;CWE-264;2015
CVE-2015-2898;Multiple stack-based buffer overflows in Medicomp MEDCIN Engine before 2.22.20153.226 might allow remote attackers to execute arbitrary code via a crafted packet on port 8190, related to (1) the SetGroupSequenceEx na_setgroupsequenceex function, (2) the FormatDate julptostr function, and (3) the UserFindingCodes addtocl function.;MEDIUM;NONE;PARTIAL;PARTIAL;PARTIAL;8,6;6,8;1;,00209;,01420;NO;CWE-119;2015
CVE-2015-2899;Heap-based buffer overflow in the QualifierList retrieve_qualifier_list function in Medicomp MEDCIN Engine before 2.22.20153.226 might allow remote attackers to execute arbitrary code via a long list name in a packet on port 8190.;MEDIUM;NONE;PARTIAL;PARTIAL;PARTIAL;8,6;6,8;1;,00209;,01420;NO;CWE-119;2015
CVE-2015-2900;The AddUserFinding add_userfinding2 function in Medicomp MEDCIN Engine before 2.22.20153.226 allows remote attackers to cause a denial of service (out-of-bounds write) or possibly have unspecified other impact via a crafted packet on port 8190.;MEDIUM;NONE;PARTIAL;PARTIAL;PARTIAL;8,6;6,8;1;,00209;,01420;NO;CWE-119;2015
CVE-2015-2901;Multiple stack-based buffer overflows in Medicomp MEDCIN Engine 2.22.20142.166 might allow remote attackers to execute arbitrary code via a crafted packet on port 8190, related to (1) the GetProperty info_getproperty function and (2) the GetProperty UdfCodeList function.;MEDIUM;NONE;PARTIAL;PARTIAL;PARTIAL;8,6;6,8;1;,00209;,01420;NO;CWE-119;2015
CVE-2015-4591;eClinicalWorks Population Health (CCMR) suffers from a cross site scripting vulnerability in login.jsp which allows remote unauthenticated users to inject arbitrary javascript via the strMessage parameter.;MEDIUM;NONE;NONE;PARTIAL;NONE;8,6;4,3;1;,00209;,00898;NO;CWE-79;2015
CVE-2015-4592;eClinicalWorks Population Health (CCMR) suffers from an SQL injection vulnerability in portalUserService.jsp which allows remote authenticated users to inject arbitrary malicious database commands as part of user input.;LOW;SINGLE;PARTIAL;PARTIAL;PARTIAL;8,0;6,5;1;,00209;,01357;NO;CWE-89;2015
CVE-2015-4593;eClinicalWorks Population Health (CCMR) suffers from a cross-site request forgery (CSRF) vulnerability in portalUserService.jsp which allows remote attackers to hijack the authentication of content administrators for requests that could lead to the creation, modification and deletion of users, appointments and employees.;MEDIUM;NONE;PARTIAL;PARTIAL;PARTIAL;8,6;6,8;1;,00209;,01420;NO;CWE-352;2015
CVE-2015-4594;eClinicalWorks Population Health (CCMR) suffers from a session fixation vulnerability. When authenticating a user, the application does not assign a new session ID, making it possible to use an existent session ID.;LOW;NONE;PARTIAL;PARTIAL;PARTIAL;10,0;7,5;1;,00209;,01566;NO;CWE-384;2015
CVE-2015-6006;The AddUserFinding implementation in Medicomp MEDCIN Engine 2.22.20153.x before 2.22.20153.226 might allow remote attackers to execute arbitrary code or cause a denial of service (integer truncation and heap-based buffer overflow) via a crafted packet on port 8190.;LOW;NONE;PARTIAL;PARTIAL;PARTIAL;10,0;7,5;1;,00209;,01566;NO;CWE-119;2015
CVE-2016-8355;An issue was discovered in Smiths-Medical CADD-Solis Medication Safety Software, Version 1.0, 2.0, 3.0, and 3.1. CADD-Solis Medication Safety Software grants an authenticated user elevated privileges on the SQL database, which would allow an authenticated user to modify drug libraries, add and delete users, and change user permissions. According to Smiths-Medical, physical access to the pump is required to install drug library updates.;LOW;SINGLE;COMPLETE;COMPLETE;COMPLETE;8,0;9,0;4;,00835;,07516;YES;CWE-306;2016
CVE-2016-8358;An issue was discovered in Smiths-Medical CADD-Solis Medication Safety Software, Version 1.0, 2.0, 3.0, and 3.1. The affected software does not verify the identities at communication endpoints, which may allow a man-in-the-middle attacker to gain access to the communication channel between endpoints.;MEDIUM;SINGLE;PARTIAL;PARTIAL;PARTIAL;6,8;6,0;4;,00835;,05010;YES;CWE-346;2016
CVE-2016-8375;An issue was discovered in Becton, Dickinson and Company (BD) Alaris 8015 Point of Care (PC) unit, Version 9.5 and prior versions, and Version 9.7, and 8000 PC unit. An unauthorized user with physical access to an affected Alaris PC unit may be able to obtain unencrypted wireless network authentication credentials and other sensitive technical data by disassembling the PC unit and accessing the device's flash memory. The Alaris 8015 PC unit, Version 9.7, and the 8000 PC unit store wireless network authentication credentials and other sensitive technical data on internal flash memory. Accessing the internal flash memory of the affected device would require special tools to extract data and carrying out this attack at a healthcare facility would increase the likelihood of detection.;MEDIUM;NONE;PARTIAL;NONE;NONE;3,4;1,9;2;,00418;,00793;YES;CWE-255;2016
CVE-2017-10718;Recently it was discovered as a part of the research on IoT devices in the most recent firmware for Shekar Endoscope that any malicious user connecting to the device can change the default SSID and password thereby denying the owner an access to his/her own device. This device acts as an Endoscope camera that allows its users to use it in various industrial systems and settings, car garages, and also in some cases in the medical clinics to get access to areas that are difficult for a human being to reach. Any breach of this system can allow an attacker to get access to video feed and pictures viewed by that user and might allow them to get a foot hold in air gapped networks especially in case of nation critical infrastructure/industries.;LOW;SINGLE;NONE;PARTIAL;NONE;8,0;4,0;2;,00418;,01670;YES;CWE-255;2017
CVE-2017-10719;Recently it was discovered as a part of the research on IoT devices in the most recent firmware for Shekar Endoscope that the device has default Wi-Fi credentials that are exactly the same for every device. This device acts as an Endoscope camera that allows its users to use it in various industrial systems and settings, car garages, and also in some cases in the medical clinics to get access to areas that are difficult for a human being to reach. Any breach of this system can allow an attacker to get access to video feed and pictures viewed by that user and might allow them to get a foot hold in air gapped networks especially in case of nation critical infrastructure/industries.;LOW;SINGLE;PARTIAL;NONE;NONE;8,0;4,0;2;,00418;,01670;YES;CWE-200;2017
CVE-2017-10721;Recently it was discovered as a part of the research on IoT devices in the most recent firmware for Shekar Endoscope that the device has Telnet functionality enabled by default. This device acts as an Endoscope camera that allows its users to use it in various industrial systems and settings, car garages, and also in some cases in the medical clinics to get access to areas that are difficult for a human being to reach. Any breach of this system can allow an attacker to get access to video feed and pictures viewed by that user and might allow them to get a foot hold in air gapped networks especially in case of nation critical infrastructure/industries.;LOW;SINGLE;NONE;PARTIAL;NONE;8,0;4,0;2;,00418;,01670;YES;CWE-284;2017
CVE-2017-10723;Recently it was discovered as a part of the research on IoT devices in the most recent firmware for Shekar Endoscope that an attacker connected to the device Wi-Fi SSID can exploit a memory corruption issue and execute remote code on the device. This device acts as an Endoscope camera that allows its users to use it in various industrial systems and settings, car garages, and also in some cases in the medical clinics to get access to areas that are difficult for a human being to reach. Any breach of this system can allow an attacker to get access to video feed and pictures viewed by that user and might allow them to get a foot hold in air gapped networks especially in case of nation critical infrastructure/industries. The firmware contains binary uvc_stream that is the UDP daemon which is responsible for handling all the UDP requests that the device receives. The client application sends a UDP request to change the Wi-Fi name which contains the following format: "SETCMD0001+0001+[2 byte length of wifiname]+[Wifiname]. This request is handled by "control_Dev_thread" function which at address "0x00409AE0" compares the incoming request and determines if the 10th byte is 01 and if it is then it redirects to 0x0040A74C which calls the function "setwifiname". The function "setwifiname" uses a memcpy function but uses the length of the payload obtained by using strlen function as the third parameter which is the number of bytes to copy and this allows an attacker to overflow the function and control the $PC value.;LOW;SINGLE;PARTIAL;PARTIAL;PARTIAL;8,0;6,5;2;,00418;,02714;YES;CWE-119;2017
CVE-2017-10724;Recently it was discovered as a part of the research on IoT devices in the most recent firmware for Shekar Endoscope that an attacker connected to the device Wi-Fi SSID can exploit a memory corruption issue and execute remote code on the device. This device acts as an Endoscope camera that allows its users to use it in various industrial systems and settings, car garages, and also in some cases in the medical clinics to get access to areas that are difficult for a human being to reach. Any breach of this system can allow an attacker to get access to video feed and pictures viewed by that user and might allow them to get a foot hold in air gapped networks especially in case of nation critical infrastructure/industries. The firmware contains binary uvc_stream that is the UDP daemon which is responsible for handling all the UDP requests that the device receives. The client application sends a UDP request to change the Wi-Fi name which contains the following format: "SETCMD0001+0002+[2 byte length of wifipassword]+[Wifipassword]. This request is handled by "control_Dev_thread" function which at address "0x00409AE4" compares the incoming request and determines if the 10th byte is 02 and if it is then it redirects to 0x0040A7D8, which calls the function "setwifipassword". The function "setwifipassword" uses a memcpy function but uses the length of the payload obtained by using strlen function as the third parameter which is the number of bytes to copy and this allows an attacker to overflow the function and control the $PC value.;LOW;SINGLE;PARTIAL;PARTIAL;PARTIAL;8,0;6,5;2;,00418;,02714;YES;CWE-119;2017
CVE-2017-12701;BMC Medical Luna CPAP Machines released prior to July 1, 2017, contain an improper input validation vulnerability which may allow an authenticated attacker to crash the CPAP's Wi-Fi module resulting in a denial-of-service condition.;LOW;SINGLE;NONE;NONE;PARTIAL;8,0;4,0;2;,00418;,01670;YES;CWE-20;2017
CVE-2017-12718;A Classic Buffer Overflow issue was discovered in Smiths Medical Medfusion 4000 Wireless Syringe Infusion Pump, Version 1.1, 1.5, and 1.6. A third-party component used in the pump does not verify input buffer size prior to copying, leading to a buffer overflow, allowing remote code execution on the target device. The pump receives the potentially malicious input infrequently and under certain conditions, increasing the difficulty of exploitation.;MEDIUM;NONE;PARTIAL;PARTIAL;PARTIAL;8,6;6,8;4;,00835;,05678;YES;CWE-119;2017
CVE-2017-12720;An Improper Access Control issue was discovered in Smiths Medical Medfusion 4000 Wireless Syringe Infusion Pump, Version 1.1, 1.5, and 1.6. The FTP server on the pump does not require authentication if the pump is configured to allow FTP connections.;MEDIUM;NONE;PARTIAL;PARTIAL;PARTIAL;8,6;6,8;4;,00835;,05678;YES;CWE-306;2017
CVE-2017-12721;An Improper Certificate Validation issue was discovered in Smiths Medical Medfusion 4000 Wireless Syringe Infusion Pump, Version 1.1, 1.5, and 1.6. The pump does not validate host certificates, leaving the pump vulnerable to a man-in-the-middle (MITM) attack.;MEDIUM;NONE;PARTIAL;NONE;NONE;8,6;4,3;4;,00835;,03591;YES;CWE-295;2017
CVE-2017-12722;An Out-of-bounds Read issue was discovered in Smiths Medical Medfusion 4000 Wireless Syringe Infusion Pump, Version 1.1, 1.5, and 1.6. A third-party component used in the pump reads memory out of bounds, causing the communications module to crash. Smiths Medical assesses that the crash of the communications module would not impact the operation of the therapeutic module.;LOW;NONE;NONE;NONE;PARTIAL;10,0;5,0;4;,00835;,04175;YES;CWE-125;2017
CVE-2017-12723;A Password in Configuration File issue was discovered in Smiths Medical Medfusion 4000 Wireless Syringe Infusion Pump, Version 1.1, 1.5, and 1.6. The pump stores some passwords in the configuration file, which are accessible if the pump is configured to allow external communications.;MEDIUM;NONE;PARTIAL;NONE;NONE;8,6;4,3;4;,00835;,03591;YES;CWE-200;2017
CVE-2017-12724;A Use of Hard-coded Credentials issue was discovered in Smiths Medical Medfusion 4000 Wireless Syringe Infusion Pump, Version 1.1, 1.5, and 1.6. The FTP server on the pump contains hardcoded credentials, which are not fully initialized. The FTP server is only accessible if the pump is configured to allow FTP connections.;MEDIUM;NONE;PARTIAL;PARTIAL;PARTIAL;8,6;6,8;4;,00835;,05678;YES;CWE-798;2017
CVE-2017-12725;A Use of Hard-coded Credentials issue was discovered in Smiths Medical Medfusion 4000 Wireless Syringe Infusion Pump, Version 1.1, 1.5, and 1.6. The pump with default network configuration uses hard-coded credentials to automatically establish a wireless network connection. The pump will establish a wireless network connection even if the pump is Ethernet connected and active, however, if the wireless association is established and the Ethernet cable is attached, the pump does not attach the network stack to the wireless network. In this scenario, all network traffic is instead directed over the wired Ethernet connection.;MEDIUM;NONE;PARTIAL;PARTIAL;PARTIAL;8,6;6,8;4;,00835;,05678;YES;CWE-798;2017
CVE-2017-12726;A Use of Hard-coded Password issue was discovered in Smiths Medical Medfusion 4000 Wireless Syringe Infusion Pump, Version 1.1, 1.5, and 1.6. Telnet on the pump uses hardcoded credentials, which can be used if the pump is configured to allow external communications. Smiths Medical assesses that it is not possible to upload files via Telnet and the impact of this vulnerability is limited to the communications module.;LOW;NONE;PARTIAL;PARTIAL;PARTIAL;10,0;7,5;4;,00835;,06263;YES;CWE-798;2017
CVE-2017-14002;GE Infinia/Infinia with Hawkeye 4 medical imaging systems all current versions are affected these devices use default or hard-coded credentials. Successful exploitation of this vulnerability may allow a remote attacker to bypass authentication and gain access to the affected devices.;LOW;NONE;COMPLETE;COMPLETE;COMPLETE;10,0;10,0;2;,00418;,04175;YES;CWE-798;2017
CVE-2017-14006;GE Xeleris versions 1.0,1.1,2.1,3.0,3.1, medical imaging systems, all current versions are affected, these devices use default or hard-coded credentials. Successful exploitation of this vulnerability may allow a remote attacker to bypass authentication and gain access to the affected devices.;LOW;NONE;PARTIAL;PARTIAL;PARTIAL;10,0;7,5;5;,01044;,07829;YES;CWE-798;2017
CVE-2017-14101;A security researcher found an XML External Entity (XXE) vulnerability on the Conserus Image Repository archive solution version 2.1.1.105 by McKesson Medical Imaging Company, which is now a Change Healthcare company. An unauthenticated user supplying a modified HTTP SOAP request to the vulnerable service allows for arbitrary file read access to the local file system as well as the transmittal of the application service's account hashed credentials to a remote attacker.;LOW;NONE;PARTIAL;NONE;NONE;10,0;5,0;1;,00209;,01044;YES;CWE-611;2017
CVE-2017-16776;Security researchers discovered an authentication bypass vulnerability in version 2.0.2 of the Conserus Workflow Intelligence application by McKesson Medical Imaging Company, which is now a Change Healthcare company. The attacker must send a malicious HTTP GET request to exploit the vulnerability. The vulnerability allows an attacker to bypass authentication and escalate privileges of valid users. An unauthenticated attacker can exploit the vulnerability and be granted limited access to other accounts. An authenticated attacker can exploit the vulnerability and be granted access reserved for higher privilege users.;MEDIUM;NONE;PARTIAL;PARTIAL;PARTIAL;8,6;6,8;1;,00209;,01420;YES;NVD-CWE-noinfo;2017
CVE-2017-2704;Smarthome 1.0.2.364 and earlier versions,HiAPP 7.3.0.303 and earlier versions,HwParentControl 2.0.0 and earlier versions,HwParentControlParent 5.1.0.12 and earlier versions,Crowdtest 1.5.3 and earlier versions,HiWallet 8.0.0.301 and earlier versions,Huawei Pay 8.0.0.300 and earlier versions,Skytone 8.1.2.300 and earlier versions,HwCloudDrive(EMUI6.0) 8.0.0.307 and earlier versions,HwPhoneFinder(EMUI6.0) 9.3.0.310 and earlier versions,HwPhoneFinder(EMUI5.1) 9.2.2.303 and earlier versions,HiCinema 8.0.2.300 and earlier versions,HuaweiWear 21.0.0.360 and earlier versions,HiHealthApp 3.0.3.300 and earlier versions have an information exposure vulnerability. Encryption keys are stored in the system. The attacker can implement reverse engineering to obtain the encryption keys, causing information exposure.;LOW;NONE;PARTIAL;NONE;NONE;10,0;5,0;14;,02923;,14614;NO;CWE-200;2017
CVE-2017-5149;An issue was discovered in St. Jude Medical Merlin@home, versions prior to Version 8.2.2 (RF models: EX1150, Inductive models: EX1100, and Inductive models: EX1100 with MerlinOnDemand capability). The identities of the endpoints for the communication channel between the transmitter and St. Jude Medical's web site, Merlin.net, are not verified. This may allow a man-in-the-middle attacker to access or influence communications between the identified endpoints.;MEDIUM;NONE;PARTIAL;PARTIAL;PARTIAL;8,6;6,8;3;,00626;,04259;YES;CWE-476;2017
CVE-2017-5906;The Everyday Health Diabetes in Check: Blood Glucose & Carb Tracker app 3.4.2 for iOS does not verify X.509 certificates from SSL servers, which allows man-in-the-middle attackers to spoof servers and obtain sensitive information via a crafted certificate.;MEDIUM;NONE;PARTIAL;NONE;NONE;8,6;4,3;1;,00209;,00898;NO;CWE-295;2017
CVE-2017-6018;An open redirect issue was discovered in B. Braun Medical SpaceCom module, which is integrated into the SpaceStation docking station: SpaceStation with SpaceCom module (integrated as part number 8713142U), software versions prior to Version 012U000040, and SpaceStation (part number 8713140U) with installed SpaceCom module (part number 8713160U), software versions prior to Version 012U000040. The web server of the affected product accepts untrusted input which could allow attackers to redirect the request to an unintended URL contained within untrusted input.;MEDIUM;NONE;PARTIAL;PARTIAL;NONE;8,6;5,8;2;,00418;,02422;NO;CWE-601;2017
CVE-2017-8940;The Zipongo - Healthy Recipes and Grocery Deals app before 6.3 for iOS does not verify X.509 certificates from SSL servers, which allows man-in-the-middle attackers to spoof servers and obtain sensitive information via a crafted certificate.;MEDIUM;NONE;PARTIAL;NONE;NONE;8,6;4,3;1;,00209;,00898;NO;CWE-295;2017
CVE-2017-8942;The YottaMark ShopWell - Healthy Diet & Grocery Food Scanner app 5.3.7 through 5.4.2 for iOS does not verify X.509 certificates from SSL servers, which allows man-in-the-middle attackers to spoof servers and obtain sensitive information via a crafted certificate.;MEDIUM;NONE;PARTIAL;NONE;NONE;8,6;4,3;6;,01253;,05386;NO;CWE-295;2017
CVE-2018-1000645;LibreHealthIO lh-ehr version <REL-2.0.0 contains an Authenticated Local File Disclosure vulnerability in Importing of templates allows local file disclosure that can result in Disclosure of sensitive files on the server. This attack appear to be exploitable via User controlled variable in import templates function.;LOW;SINGLE;PARTIAL;NONE;NONE;8,0;4,0;1;,00209;,00835;NO;CWE-200;2018
CVE-2018-1000646;LibreHealthIO LH-EHR version REL-2.0.0 contains an Authenticated Unrestricted File Write vulnerability in Import template that can result in write files with malicious content and may lead to remote code execution.;LOW;SINGLE;PARTIAL;PARTIAL;PARTIAL;8,0;6,5;1;,00209;,01357;NO;CWE-434;2018
CVE-2018-1000647;LibreHealthIO lh-ehr version REL-2.0.0 contains a Authenticated Unrestricted File Deletion vulnerability in Import template that can result in Denial of service. This attack appear to be exploitable via User controlled parameter.;LOW;SINGLE;NONE;PARTIAL;PARTIAL;8,0;5,5;1;,00209;,01148;NO;CWE-20;2018
CVE-2018-1000648;LibreHealthIO lh-ehr version REL-2.0.0 contains a Authenticated Unrestricted File Write vulnerability in Patient file letter functions that can result in Write files with malicious content and may lead to remote code execution. This attack appear to be exploitable via User controlled parameters.;LOW;SINGLE;PARTIAL;PARTIAL;PARTIAL;8,0;6,5;1;,00209;,01357;NO;CWE-269;2018
CVE-2018-1000649;LibreHealthIO lh-ehr version REL-2.0.0 contains a Authenticated Unrestricted File Write in letter.php (2) vulnerability in Patient file letter functions that can result in Write files with malicious content and may lead to remote code execution. This attack appear to be exploitable via User controlled input.;LOW;SINGLE;PARTIAL;PARTIAL;PARTIAL;8,0;6,5;1;,00209;,01357;NO;CWE-732;2018
CVE-2018-1000650;LibreHealthIO lh-ehr version REL-2.0.0 contains a SQL Injection vulnerability in Show Groups Popup SQL query functions that can result in Ability to perform malicious database queries. This attack appear to be exploitable via User controlled parameters.;LOW;SINGLE;PARTIAL;PARTIAL;PARTIAL;8,0;6,5;1;,00209;,01357;NO;CWE-89;2018
CVE-2018-13610;The mintToken function of a smart contract implementation for MedicayunLink, an Ethereum token, has an integer overflow that allows the owner of the contract to set the balance of an arbitrary user to any value.;LOW;NONE;NONE;PARTIAL;NONE;10,0;5,0;1;,00209;,01044;NO;CWE-190;2018
CVE-2018-14786;Becton, Dickinson and Company (BD) Alaris Plus medical syringe pumps (models Alaris GS, Alaris GH, Alaris CC, and Alaris TIVA) versions 2.3.6 and prior are affected by an improper authentication vulnerability where the software does not perform authentication for functionality that requires a provable user identity, where it may allow a remote attacker to gain unauthorized access to various Alaris Syringe pumps and impact the intended operation of the pump when it is connected to a terminal server via the serial port.;LOW;NONE;PARTIAL;PARTIAL;PARTIAL;10,0;7,5;8;,01670;,12526;YES;CWE-287;2018
CVE-2018-15152;Authentication bypass vulnerability in portal/account/register.php in versions of OpenEMR before 5.0.1.4 allows a remote attacker to access (1) portal/add_edit_event_user.php, (2) portal/find_appt_popup_user.php, (3) portal/get_allergies.php, (4) portal/get_amendments.php, (5) portal/get_lab_results.php, (6) portal/get_medications.php, (7) portal/get_patient_documents.php, (8) portal/get_problems.php, (9) portal/get_profile.php, (10) portal/portal_payment.php, (11) portal/messaging/messages.php, (12) portal/messaging/secure_chat.php, (13) portal/report/pat_ledger.php, (14) portal/report/portal_custom_report.php, or (15) portal/report/portal_patient_report.php without authenticating as a patient.;LOW;NONE;PARTIAL;PARTIAL;NONE;10,0;6,4;1;,00209;,01336;NO;CWE-287;2018
CVE-2018-17393;SQL Injection exists in HealthNode Hospital Management System 1.0 via the id parameter to dashboard/Patient/info.php or dashboard/Patient/patientdetails.php.;LOW;NONE;PARTIAL;PARTIAL;PARTIAL;10,0;7,5;1;,00209;,01566;NO;CWE-89;2018
CVE-2018-18975;An issue was discovered in the Ascensia Contour NEXT ONE app for iOS before 2019-01-15. An attacker may proxy communications between the app and Ascensia backend servers because of a weak certificate-pinning implementation, leading to disclosure of medical information.;LOW;NONE;PARTIAL;NONE;NONE;10,0;5,0;1;,00209;,01044;NO;CWE-200;2018
CVE-2018-18976;An issue was discovered in the Ascensia Contour NEXT ONE application for iOS and Android before 2019-01-15. An attacker may retrieve encrypted medical information of any user of the Ascensia cloud platform by performing Direct Object References with a series of user ID values. (This information can be decrypted through a different vulnerability.);LOW;NONE;PARTIAL;NONE;NONE;10,0;5,0;2;,00418;,02088;NO;CWE-639;2018
CVE-2018-18977;An issue was discovered in the Ascensia Contour NEXT ONE application for Android before 2019-01-15. An attacker may reverse engineer the codebase to extract sensitive data that contributes to the disclosure of medical information of patients utilizing the Ascensia platform. This occurs because of weak obfuscation.;LOW;NONE;PARTIAL;NONE;NONE;10,0;5,0;1;,00209;,01044;NO;CWE-200;2018
CVE-2018-18978;An issue was discovered in the Ascensia Contour NEXT ONE application for Android before 2019-01-15. It has a statically coded encryption key. Extraction of the encryption key is necessary for deciphering communications between this application and the backend server. This, in combination with retrieving any user's encrypted data from the Ascensia cloud through another vulnerability, allows an attacker to obtain and modify any patient's medical information.;MEDIUM;NONE;PARTIAL;PARTIAL;NONE;8,6;5,8;1;,00209;,01211;NO;CWE-798;2018
CVE-2018-18979;An issue was discovered in the Ascensia Contour NEXT ONE application for Android before 2019-01-15. It has a statically coded initialization vector. Extraction of the initialization vector is necessary for deciphering communications between this application and the backend server. This, in combination with retrieving any user's encrypted data from the Ascensia cloud through another vulnerability, allows an attacker to obtain and modify any patient's medical information.;MEDIUM;NONE;PARTIAL;PARTIAL;NONE;8,6;5,8;1;,00209;,01211;NO;CWE-798;2018
CVE-2018-19001;Philips HealthSuite Health Android App, all versions. The software uses simple encryption that is not strong enough for the level of protection required.;LOW;NONE;PARTIAL;PARTIAL;PARTIAL;3,9;4,6;1;,00209;,00960;NO;CWE-326;2018
CVE-2018-2613;Vulnerability in the Oracle Argus Safety component of Oracle Health Sciences Applications (subcomponent: Login). Supported versions that are affected are 7.x, 8.0.x and 8.1. Easily exploitable vulnerability allows unauthenticated attacker with network access via HTTP to compromise Oracle Argus Safety. Successful attacks of this vulnerability can result in unauthorized access to critical data or complete access to all Oracle Argus Safety accessible data as well as unauthorized update, insert or delete access to some of Oracle Argus Safety accessible data. CVSS 3.0 Base Score 8.2 (Confidentiality and Integrity impacts). CVSS Vector: (CVSS:3.0/AV:N/AC:L/PR:N/UI:N/S:U/C:H/I:L/A:N).;LOW;NONE;PARTIAL;PARTIAL;NONE;10,0;6,4;8;,01670;,10689;NO;NVD-CWE-noinfo;2018
CVE-2018-2642;Vulnerability in the Oracle Argus Safety component of Oracle Health Sciences Applications (subcomponent: File Upload). Supported versions that are affected are 7.x and 8.0.x. Easily exploitable vulnerability allows low privileged attacker with network access via HTTP to compromise Oracle Argus Safety. Successful attacks require human interaction from a person other than the attacker and while the vulnerability is in Oracle Argus Safety, attacks may significantly impact additional products. Successful attacks of this vulnerability can result in unauthorized update, insert or delete access to some of Oracle Argus Safety accessible data as well as unauthorized read access to a subset of Oracle Argus Safety accessible data and unauthorized ability to cause a partial denial of service (partial DOS) of Oracle Argus Safety. CVSS 3.0 Base Score 6.5 (Confidentiality, Integrity and Availability impacts). CVSS Vector: (CVSS:3.0/AV:N/AC:L/PR:L/UI:R/S:C/C:L/I:L/A:L).;MEDIUM;SINGLE;PARTIAL;PARTIAL;PARTIAL;6,8;6,0;7;,01461;,08768;NO;NVD-CWE-noinfo;2018
CVE-2018-2643;Vulnerability in the Oracle Argus Safety component of Oracle Health Sciences Applications (subcomponent: Case Selection). Supported versions that are affected are 7.x and 8.0.x. Easily exploitable vulnerability allows low privileged attacker with network access via HTTP to compromise Oracle Argus Safety. While the vulnerability is in Oracle Argus Safety, attacks may significantly impact additional products. Successful attacks of this vulnerability can result in unauthorized update, insert or delete access to some of Oracle Argus Safety accessible data as well as unauthorized read access to a subset of Oracle Argus Safety accessible data. CVSS 3.0 Base Score 6.4 (Confidentiality and Integrity impacts). CVSS Vector: (CVSS:3.0/AV:N/AC:L/PR:L/UI:N/S:C/C:L/I:L/A:N).;LOW;SINGLE;PARTIAL;PARTIAL;NONE;8,0;5,5;7;,01461;,08038;NO;NVD-CWE-noinfo;2018
CVE-2018-2644;Vulnerability in the Oracle Argus Safety component of Oracle Health Sciences Applications (subcomponent: Worklist). Supported versions that are affected are 7.x, 8.0.x and 8.1. Easily exploitable vulnerability allows unauthenticated attacker with network access via HTTP to compromise Oracle Argus Safety. Successful attacks require human interaction from a person other than the attacker and while the vulnerability is in Oracle Argus Safety, attacks may significantly impact additional products. Successful attacks of this vulnerability can result in unauthorized update, insert or delete access to some of Oracle Argus Safety accessible data as well as unauthorized read access to a subset of Oracle Argus Safety accessible data. CVSS 3.0 Base Score 6.1 (Confidentiality and Integrity impacts). CVSS Vector: (CVSS:3.0/AV:N/AC:L/PR:N/UI:R/S:C/C:L/I:L/A:N).;MEDIUM;NONE;PARTIAL;PARTIAL;NONE;8,6;5,8;8;,01670;,09687;NO;NVD-CWE-noinfo;2018
CVE-2018-4845;A vulnerability has been identified in RAPIDLab 1200 systems / RAPIDPoint 400 systems / RAPIDPoint 500 systems (All versions_without_ use of Siemens Healthineers Informatics products), RAPIDLab 1200 Series (All versions < V3.3 _with_ Siemens Healthineers Informatics products), RAPIDPoint 500 systems (All versions >= V3.0 _with_ Siemens Healthineers Informatics products), RAPIDPoint 500 systems (V2.4.X_with_ Siemens Healthineers Informatics products), RAPIDPoint 500 systems (All versions =< V2.3 _with_ Siemens Healthineers Informatics products), RAPIDPoint 400 systems (All versions _with_ Siemens Healthineers Informatics products). Remote attackers with either local or remote credentialed access to the "Remote View" feature might be able to elevate their privileges, compromising confidentiality, integrity, and availability of the system. No special skills or user interaction are required to perform this attack. At the time of advisory publication, no public exploitation of this security vulnerability is known. Siemens Healthineers confirms the security vulnerability and provides mitigations to resolve the security issue.;LOW;SINGLE;PARTIAL;PARTIAL;PARTIAL;8,0;6,5;6;,01253;,08142;YES;CWE-269;2018
CVE-2018-4846;A vulnerability has been identified in RAPIDLab 1200 systems / RAPIDPoint 400 systems / RAPIDPoint 500 systems (All versions_without_ use of Siemens Healthineers Informatics products), RAPIDLab 1200 Series (All versions < V3.3 _with_ Siemens Healthineers Informatics products), RAPIDPoint 500 systems (All versions >= V3.0 _with_ Siemens Healthineers Informatics products), RAPIDPoint 500 systems (V2.4.X_with_ Siemens Healthineers Informatics products), RAPIDPoint 500 systems (All versions =< V2.3 _with_ Siemens Healthineers Informatics products), RAPIDPoint 400 systems (All versions _with_ Siemens Healthineers Informatics products). A factory account with hardcoded password might allow attackers access to the device over port 5900/tcp. Successful exploitation requires no user interaction or privileges and impacts the confidentiality, integrity, and availability of the affected device. At the time of advisory publication, no public exploitation of this security vulnerability is known. Siemens Healthineers confirms the security vulnerability and provides mitigations to resolve the security issue.;LOW;NONE;COMPLETE;COMPLETE;COMPLETE;10,0;10,0;6;,01253;,12526;YES;CWE-798;2018
CVE-2018-5438;Philips ISCV application prior to version 2.3.0 has an insufficient session expiration vulnerability where an attacker could reuse the session of a previously logged in user. This vulnerability exists when using ISCV together with an Electronic Medical Record (EMR) system, where ISCV is in KIOSK mode for multiple users and using Windows authentication. This may allow an attacker to gain unauthorized access to patient health information and potentially modify this information.;MEDIUM;NONE;PARTIAL;PARTIAL;NONE;3,4;3,3;1;,00209;,00689;YES;CWE-613;2018
CVE-2018-5457;A uncontrolled search path element issue was discovered in Vyaire Medical CareFusion Upgrade Utility used with Windows XP systems, Versions 2.0.2.2 and prior versions. A successful exploit of this vulnerability requires the local user to install a crafted DLL on the target machine. The application loads the DLL and gives the attacker access at the same privilege level as the application.;MEDIUM;NONE;COMPLETE;COMPLETE;COMPLETE;3,4;6,9;2;,00418;,02881;YES;CWE-427;2018
CVE-2018-7510;In the web application in BeaconMedaes TotalAlert Scroll Medical Air Systems running software versions prior to 4107600010.23, passwords are presented in plaintext in a file that is accessible without authentication.;LOW;NONE;PARTIAL;NONE;NONE;10,0;5,0;2;,00418;,02088;YES;CWE-522;2018
CVE-2018-7518;In TotalAlert Web Application in BeaconMedaes Scroll Medical Air Systems prior to v4107600010.23, an attacker with network access to the integrated web server could retrieve default or user defined credentials stored and transmitted in an insecure manner.;LOW;NONE;PARTIAL;NONE;NONE;10,0;5,0;2;,00418;,02088;YES;CWE-522;2018
CVE-2018-7526;In TotalAlert Web Application in BeaconMedaes Scroll Medical Air Systems prior to v4107600010.23, by accessing a specific uniform resource locator (URL) on the webserver, a malicious user may be able to access information in the application without authenticating.;LOW;NONE;PARTIAL;NONE;NONE;10,0;5,0;2;,00418;,02088;YES;CWE-425;2018
CVE-2019-11687;An issue was discovered in the DICOM Part 10 File Format in the NEMA DICOM Standard 1995 through 2019b. The preamble of a DICOM file that complies with this specification can contain the header for an executable file, such as Portable Executable (PE) malware. This space is left unspecified so that dual-purpose files can be created. (For example, dual-purpose TIFF/DICOM files are used in digital whole slide imaging for applications in medicine.) To exploit this vulnerability, someone must execute a maliciously crafted file that is encoded in the DICOM Part 10 File Format. PE/DICOM files are executable even with the .dcm file extension. Anti-malware configurations at healthcare facilities often ignore medical imagery. Also, anti-malware tools and business processes could violate regulatory frameworks (such as HIPAA) when processing suspicious DICOM files.;MEDIUM;NONE;COMPLETE;COMPLETE;COMPLETE;8,6;9,3;1;,00209;,01942;YES;CWE-20;2019
CVE-2019-15563;Observational Health Data Sciences and Informatics (OHDSI) WebAPI before 2.7.2 allows SQL injection in FeatureExtractionService.java.;LOW;NONE;PARTIAL;PARTIAL;PARTIAL;10,0;7,5;1;,00209;,01566;YES;CWE-89;2019
CVE-2019-18254;BIOTRONIK CardioMessenger II, The affected products do not encrypt sensitive information while at rest. An attacker with physical access to the CardioMessenger can disclose medical measurement data and the serial number from the implanted cardiac device the CardioMessenger is paired with.;LOW;NONE;PARTIAL;NONE;NONE;3,9;2,1;4;,00835;,01754;YES;CWE-311;2019
CVE-2019-2430;Vulnerability in the Oracle Argus Safety component of Oracle Health Sciences Applications (subcomponent: Console). Supported versions that are affected are 8.1 and 8.2. Easily exploitable vulnerability allows low privileged attacker with network access via HTTP to compromise Oracle Argus Safety. Successful attacks of this vulnerability can result in unauthorized access to critical data or complete access to all Oracle Argus Safety accessible data. CVSS 3.0 Base Score 6.5 (Confidentiality impacts). CVSS Vector: (CVSS:3.0/AV:N/AC:L/PR:L/UI:N/S:U/C:H/I:N/A:N).;LOW;SINGLE;PARTIAL;NONE;NONE;8,0;4,0;2;,00418;,01670;NO;NVD-CWE-noinfo;2019
CVE-2019-2431;Vulnerability in the Oracle Argus Safety component of Oracle Health Sciences Applications (subcomponent: Console). Supported versions that are affected are 8.1 and 8.2. Difficult to exploit vulnerability allows unauthenticated attacker with network access via HTTP to compromise Oracle Argus Safety. Successful attacks require human interaction from a person other than the attacker and while the vulnerability is in Oracle Argus Safety, attacks may significantly impact additional products. Successful attacks of this vulnerability can result in unauthorized creation, deletion or modification access to critical data or all Oracle Argus Safety accessible data. CVSS 3.0 Base Score 6.1 (Integrity impacts). CVSS Vector: (CVSS:3.0/AV:N/AC:H/PR:N/UI:R/S:C/C:N/I:H/A:N).;MEDIUM;NONE;NONE;PARTIAL;NONE;8,6;4,3;2;,00418;,01795;NO;NVD-CWE-noinfo;2019
CVE-2019-2432;Vulnerability in the Oracle Argus Safety component of Oracle Health Sciences Applications (subcomponent: Login). Supported versions that are affected are 8.1 and 8.2. Difficult to exploit vulnerability allows low privileged attacker with network access via HTTP to compromise Oracle Argus Safety. While the vulnerability is in Oracle Argus Safety, attacks may significantly impact additional products. Successful attacks of this vulnerability can result in unauthorized update, insert or delete access to some of Oracle Argus Safety accessible data as well as unauthorized read access to a subset of Oracle Argus Safety accessible data. CVSS 3.0 Base Score 4.9 (Confidentiality and Integrity impacts). CVSS Vector: (CVSS:3.0/AV:N/AC:H/PR:L/UI:N/S:C/C:L/I:L/A:N).;MEDIUM;SINGLE;PARTIAL;PARTIAL;NONE;6,8;4,9;2;,00418;,02046;NO;NVD-CWE-noinfo;2019
CVE-2019-2629;Vulnerability in the Oracle Health Sciences Data Management Workbench component of Oracle Health Sciences Applications (subcomponent: User Interface). The supported version that is affected is 2.4.8. Easily exploitable vulnerability allows low privileged attacker with network access via HTTP to compromise Oracle Health Sciences Data Management Workbench. Successful attacks of this vulnerability can result in unauthorized update, insert or delete access to some of Oracle Health Sciences Data Management Workbench accessible data as well as unauthorized read access to a subset of Oracle Health Sciences Data Management Workbench accessible data. CVSS 3.0 Base Score 5.4 (Confidentiality and Integrity impacts). CVSS Vector: (CVSS:3.0/AV:N/AC:L/PR:L/UI:N/S:U/C:L/I:L/A:N).;LOW;SINGLE;PARTIAL;PARTIAL;NONE;8,0;5,5;1;,00209;,01148;NO;NVD-CWE-noinfo;2019
CVE-2019-5024;A restricted environment escape vulnerability exists in the â€œkiosk modeâ€� function of Capsule Technologies SmartLinx Neuron 2 medical information collection devices running versions 9.0.3 or lower. A specific series of keyboard inputs can escape the restricted environment, resulting in full administrator access to the underlying operating system. An attacker can connect to the device via USB port with a keyboard or other HID device to trigger this vulnerability.;LOW;NONE;COMPLETE;COMPLETE;COMPLETE;3,9;7,2;2;,00418;,03006;YES;NVD-CWE-noinfo;2019
CVE-2019-9607;PHP Scripts Mall Medical Store Script 3.0.3 allows Path Traversal by navigating to the parent directory of a jpg or png file.;LOW;NONE;PARTIAL;NONE;NONE;10,0;5,0;1;,00209;,01044;NO;CWE-22;2019
CVE-2020-11436;LibreHealth EMR v2.0.0 is vulnerable to XSS that results in the ability to force arbitrary actions on behalf of other users including administrators.;MEDIUM;SINGLE;PARTIAL;PARTIAL;PARTIAL;6,8;6,0;1;,00209;,01253;YES;CWE-79;2020
CVE-2020-11437;LibreHealth EMR v2.0.0 is affected by SQL injection allowing low-privilege authenticated users to enumerate the database.;LOW;SINGLE;PARTIAL;NONE;NONE;8,0;4,0;1;,00209;,00835;YES;CWE-89;2020
CVE-2020-11438;LibreHealth EMR v2.0.0 is affected by systemic CSRF.;MEDIUM;NONE;PARTIAL;PARTIAL;PARTIAL;8,6;6,8;1;,00209;,01420;YES;CWE-352;2020
CVE-2020-11439;LibreHealth EMR v2.0.0 is affected by a Local File Inclusion issue allowing arbitrary PHP to be included and executed within the EMR application.;LOW;SINGLE;COMPLETE;COMPLETE;COMPLETE;8,0;9,0;1;,00209;,01879;YES;CWE-22;2020
CVE-2020-11674;Cerner medico 26.00 allows variable reuse, possibly causing data corruption.;LOW;NONE;PARTIAL;PARTIAL;PARTIAL;6,5;5,8;1;,00209;,01211;NO;NVD-CWE-noinfo;2020
CVE-2020-11675;Cerner medico 26.00 has a Local Buffer Overflow (issue 1 of 3).;LOW;NONE;PARTIAL;PARTIAL;PARTIAL;6,5;5,8;1;,00209;,01211;NO;CWE-120;2020
CVE-2020-11676;Cerner medico 26.00 has a Local Buffer Overflow (issue 2 of 3).;LOW;NONE;PARTIAL;PARTIAL;PARTIAL;6,5;5,8;1;,00209;,01211;NO;CWE-120;2020
CVE-2020-11677;Cerner medico 26.00 has a Local Buffer Overflow (issue 3 of 3).;LOW;NONE;PARTIAL;PARTIAL;PARTIAL;6,5;5,8;1;,00209;,01211;NO;CWE-120;2020
CVE-2020-12035;Baxter PrismaFlex all versions, PrisMax all versions prior to 3.x, The PrismaFlex device contains a hard-coded service password that provides access to biomedical information, device settings, calibration settings, and network configuration. This could allow an attacker to modify device settings and calibration.;LOW;NONE;NONE;PARTIAL;PARTIAL;3,9;3,6;4;,00835;,03006;YES;CWE-798;2020
CVE-2020-12036;Baxter PrismaFlex all versions, PrisMax all versions prior to 3.x, The affected devices do not implement data-in-transit encryption (e.g., TLS/SSL) when configured to send treatment data to a PDMS (Patient Data Management System) or an EMR (Electronic Medical Record) system. An attacker could observe sensitive data sent from the device.;LOW;NONE;PARTIAL;NONE;NONE;10,0;5,0;4;,00835;,04175;YES;CWE-319;2020
CVE-2020-12037;Baxter PrismaFlex all versions, PrisMax all versions prior to 3.x, The affected devices do not implement data-in-transit encryption (e.g., TLS/SSL) when configured to send treatment data to a PDMS (Patient Data Management System) or an EMR (Electronic Medical Record) system. An attacker could observe sensitive data sent from the device.;LOW;NONE;PARTIAL;NONE;NONE;10,0;5,0;4;,00835;,04175;YES;CWE-319;2020
CVE-2020-12039;Baxter Sigma Spectrum Infusion Pumps Sigma Spectrum Infusion System v's6.x model 35700BAX & Baxter Spectrum Infusion System v's8.x model 35700BAX2 contain hardcoded passwords when physically entered on the keypad provide access to biomedical menus including device settings, view calibration values, network configuration of Sigma Spectrum WBM if installed.;LOW;NONE;PARTIAL;NONE;NONE;3,9;2,1;3;,00626;,01315;YES;CWE-798;2020
CVE-2020-23829;interface/new/new_comprehensive_save.php in LibreHealth EHR 2.0.0 suffers from an authenticated file upload vulnerability, allowing remote attackers to achieve remote code execution (RCE) on the hosting webserver by uploading a maliciously crafted image.;LOW;SINGLE;PARTIAL;PARTIAL;PARTIAL;8,0;6,5;1;,00209;,01357;NO;CWE-434;2020
CVE-2020-24862;The catID parameter in Pharmacy Medical Store and Sale Point v1.0 has been found to be vulnerable to a Time-Based blind SQL injection via the /medical/inventories.php path which allows attackers to retrieve all databases.;LOW;NONE;PARTIAL;NONE;NONE;10,0;5,0;1;,00209;,01044;NO;CWE-89;2020
CVE-2020-25175;GE Healthcare Imaging and Ultrasound Products may allow specific credentials to be exposed during transport over the network.;LOW;NONE;PARTIAL;NONE;NONE;10,0;5,0;224;,46764;2,33820;NO;CWE-522;2020
CVE-2020-25179;GE Healthcare Imaging and Ultrasound Products may allow specific credentials to be exposed during transport over the network.;LOW;NONE;PARTIAL;PARTIAL;PARTIAL;10,0;7,5;224;,46764;3,50731;NO;CWE-200;2020
CVE-2020-27278;In Hamilton Medical AG,T1-Ventillator versions 2.2.3 and prior, hard-coded credentials in the ventilator allow attackers with physical access to obtain admin privileges for the device’s configuration interface.;LOW;NONE;PARTIAL;PARTIAL;NONE;3,9;3,6;2;,00418;,01503;YES;CWE-798;2020
CVE-2020-27282;In Hamilton Medical AG,T1-Ventillator versions 2.2.3 and prior, an XML validation vulnerability in the ventilator allows privileged attackers with physical access to render the device persistently unusable by uploading specially crafted configuration files.;LOW;NONE;NONE;NONE;PARTIAL;3,9;2,1;2;,00418;,00877;YES;CWE-112;2020
CVE-2020-27290;In Hamilton Medical AG,T1-Ventillator versions 2.2.3 and prior, an information disclosure vulnerability in the ventilator allows attackers with physical access to the configuration interface's logs to get valid checksums for tampered configuration files.;LOW;NONE;PARTIAL;NONE;NONE;3,9;2,1;2;,00418;,00877;YES;CWE-200;2020
CVE-2020-28074;SourceCodester Online Health Care System 1.0 is affected by SQL Injection which allows a potential attacker to bypass the authentication system and become an admin.;LOW;NONE;PARTIAL;PARTIAL;PARTIAL;10,0;7,5;1;,00209;,01566;NO;CWE-89;2020
CVE-2020-28937;OpenClinic version 0.8.2 is affected by a missing authentication vulnerability that allows unauthenticated users to access any patient's medical test results, possibly resulting in disclosure of Protected Health Information (PHI) stored in the application, via a direct request for the /tests/ URI.;LOW;NONE;PARTIAL;NONE;NONE;10,0;5,0;1;,00209;,01044;YES;CWE-425;2020
CVE-2020-28939;OpenClinic version 0.8.2 is affected by a medical/test_new.php insecure file upload vulnerability. This vulnerability allows authenticated users (with substantial privileges) to upload malicious files, such as PHP web shells, which can lead to arbitrary code execution on the application server.;LOW;SINGLE;PARTIAL;PARTIAL;PARTIAL;8,0;6,5;1;,00209;,01357;YES;CWE-434;2020
CVE-2020-8788;Synaptive Medical ClearCanvas ImageServer 3.0 Alpha allows XSS (and HTML injection) via the Default.aspx UserName parameter. NOTE: the issues/227 reference does not imply that the affected product can be downloaded from GitHub. It was simply a convenient location for a public bug report.;MEDIUM;NONE;NONE;PARTIAL;NONE;8,6;4,3;1;,00209;,00898;NO;CWE-79;2020
CVE-2021-2040;Vulnerability in the Oracle Argus Safety product of Oracle Health Sciences Applications (component: Case Form, Local Affiliate Form). The supported version that is affected is 8.2.2. Easily exploitable vulnerability allows unauthenticated attacker with network access via HTTP to compromise Oracle Argus Safety. Successful attacks require human interaction from a person other than the attacker and while the vulnerability is in Oracle Argus Safety, attacks may significantly impact additional products. Successful attacks of this vulnerability can result in unauthorized update, insert or delete access to some of Oracle Argus Safety accessible data as well as unauthorized read access to a subset of Oracle Argus Safety accessible data. CVSS 3.1 Base Score 6.1 (Confidentiality and Integrity impacts). CVSS Vector: (CVSS:3.1/AV:N/AC:L/PR:N/UI:R/S:C/C:L/I:L/A:N).;MEDIUM;NONE;PARTIAL;PARTIAL;NONE;8,6;5,8;1;,00209;,01211;NO;NVD-CWE-noinfo;2021
CVE-2021-2110;Vulnerability in the Oracle Argus Safety product of Oracle Health Sciences Applications (component: Letters). The supported version that is affected is 8.2.2. Easily exploitable vulnerability allows low privileged attacker with network access via HTTP to compromise Oracle Argus Safety. While the vulnerability is in Oracle Argus Safety, attacks may significantly impact additional products. Successful attacks of this vulnerability can result in unauthorized read access to a subset of Oracle Argus Safety accessible data. CVSS 3.1 Base Score 5.0 (Confidentiality impacts). CVSS Vector: (CVSS:3.1/AV:N/AC:L/PR:L/UI:N/S:C/C:L/I:N/A:N).;LOW;SINGLE;PARTIAL;NONE;NONE;8,0;4,0;1;,00209;,00835;NO;NVD-CWE-noinfo;2021
CVE-2021-22156;An integer overflow vulnerability in the calloc() function of the C runtime library of affected versions of BlackBerryÂ® QNX Software Development Platform (SDP) version(s) 6.5.0SP1 and earlier, QNX OS for Medical 1.1 and earlier, and QNX OS for Safety 1.0.1 and earlier that could allow an attacker to potentially perform a denial of service or execute arbitrary code.;MEDIUM;NONE;PARTIAL;PARTIAL;PARTIAL;8,6;6,8;5;,01044;,07098;YES;CWE-190;2021
CVE-2021-25401;Intent redirection vulnerability in Samsung Health prior to version 6.16 allows attacker to execute privileged action.;LOW;NONE;PARTIAL;PARTIAL;PARTIAL;3,9;4,6;1;,00209;,00960;NO;CWE-863;2021
CVE-2021-25425;Improper check vulnerability in Samsung Health prior to version 6.17 allows attacker to read internal cache data via exported component.;LOW;NONE;PARTIAL;NONE;NONE;10,0;5,0;1;,00209;,01044;NO;CWE-754;2021
CVE-2021-25506;Non-existent provider in Samsung Health prior to 6.19.1.0001 allows attacker to access it via malicious content provider or lead to denial of service.;LOW;NONE;NONE;NONE;PARTIAL;3,9;2,1;1;,00209;,00438;NO;CWE-863;2021
CVE-2021-27408;The affected product is vulnerable to an out-of-bounds read, which can cause information leakage leading to arbitrary code execution if chained to the out-of-bounds write vulnerability on the Welch Allyn medical device management tools (Welch Allyn Service Tool: versions prior to v1.10, Welch Allyn Connex Device Integration Suite â€“ Network Connectivity Engine (NCE): versions prior to v5.3, Welch Allyn Software Development Kit (SDK): versions prior to v3.2, Welch Allyn Connex Central Station (CS): versions prior to v1.8.6, Welch Allyn Service Monitor: versions prior to v1.7.0.0, Welch Allyn Connex Vital Signs Monitor (CVSM): versions prior to v2.43.02, Welch Allyn Connex Integrated Wall System (CIWS): versions prior to v2.43.02, Welch Allyn Connex Spot Monitor (CSM): versions prior to v1.52, Welch Allyn Spot Vital Signs 4400 Device (Spot 4400) / Welch Allyn Spot 4400 Vital Signs Extended Care Device: versions prior to v1.11.00).;LOW;NONE;PARTIAL;NONE;NONE;10,0;5,0;10;,02088;,10438;YES;CWE-125;2021
CVE-2021-27410;The affected product is vulnerable to an out-of-bounds write, which may result in corruption of data or code execution on the Welch Allyn medical device management tools (Welch Allyn Service Tool: versions prior to v1.10, Welch Allyn Connex Device Integration Suite â€“ Network Connectivity Engine (NCE): versions prior to v5.3, Welch Allyn Software Development Kit (SDK): versions prior to v3.2, Welch Allyn Connex Central Station (CS): versions prior to v1.8.6, Welch Allyn Service Monitor: versions prior to v1.7.0.0, Welch Allyn Connex Vital Signs Monitor (CVSM): versions prior to v2.43.02, Welch Allyn Connex Integrated Wall System (CIWS): versions prior to v2.43.02, Welch Allyn Connex Spot Monitor (CSM): versions prior to v1.52, Welch Allyn Spot Vital Signs 4400 Device (Spot 4400) / Welch Allyn Spot 4400 Vital Signs Extended Care Device: versions prior to v1.11.00).;LOW;NONE;PARTIAL;PARTIAL;PARTIAL;10,0;7,5;10;,02088;,15658;YES;CWE-787;2021
CVE-2021-31327;Stored XSS in Remote Clinic v2.0 in /medicines due to Medicine Name Field.;MEDIUM;SINGLE;NONE;PARTIAL;NONE;6,8;3,5;1;,00209;,00731;NO;CWE-79;2021
CVE-2021-37160;A firmware validation issue was discovered in HMI3 Control Panel in Swisslog Healthcare Nexus Panel operated by released versions of software before Nexus Software 7.2.5.7. There is no firmware validation (e.g., cryptographic signature validation) during a File Upload for a firmware update.;LOW;NONE;PARTIAL;PARTIAL;PARTIAL;10,0;7,5;2;,00418;,03132;YES;CWE-434;2021
CVE-2021-37161;A buffer overflow issue was discovered in the HMI3 Control Panel contained within the Swisslog Healthcare Nexus Panel, operated by released versions of software before Nexus Software 7.2.5.7. A buffer overflow allows an attacker to overwrite an internal queue data structure and can lead to remote code execution.;LOW;NONE;PARTIAL;PARTIAL;PARTIAL;10,0;7,5;2;,00418;,03132;YES;CWE-120;2021
CVE-2021-37162;A buffer overflow issue was discovered in HMI3 Control Panel in Swisslog Healthcare Nexus Panel operated by released versions of software before Nexus Software 7.2.5.7. If an attacker sends a malformed UDP message, a buffer underflow occurs, leading to an out-of-bounds copy and possible remote code execution.;LOW;NONE;PARTIAL;PARTIAL;PARTIAL;10,0;7,5;2;,00418;,03132;YES;CWE-120;2021
CVE-2021-37163;An insecure permissions issue was discovered in HMI3 Control Panel in Swisslog Healthcare Nexus operated by released versions of software before Nexus Software 7.2.5.7. The device has two user accounts with passwords that are hardcoded.;LOW;NONE;PARTIAL;PARTIAL;PARTIAL;10,0;7,5;2;,00418;,03132;YES;CWE-798;2021
CVE-2021-37164;A buffer overflow issue was discovered in HMI3 Control Panel in Swisslog Healthcare Nexus Panel operated by released versions of software before Nexus Software 7.2.5.7. In the tcpTxThread function, the received data is copied to a stack buffer. An off-by-3 condition can occur, resulting in a stack-based buffer overflow.;LOW;NONE;PARTIAL;PARTIAL;PARTIAL;10,0;7,5;2;,00418;,03132;YES;CWE-787;2021
CVE-2021-37165;A buffer overflow issue was discovered in HMI3 Control Panel in Swisslog Healthcare Nexus Panel operated by released versions of software before Nexus Software 7.2.5.7. When a message is sent to the HMI TCP socket, it is forwarded to the hmiProcessMsg function through the pendingQ, and may lead to remote code execution.;LOW;NONE;PARTIAL;PARTIAL;PARTIAL;10,0;7,5;2;,00418;,03132;YES;CWE-120;2021
CVE-2021-37166;A buffer overflow issue leading to denial of service was discovered in HMI3 Control Panel in Swisslog Healthcare Nexus Panel operated by released versions of software before Nexus Software 7.2.5.7. When HMI3 starts up, it binds a local service to a TCP port on all interfaces of the device, and takes extensive time for the GUI to connect to the TCP socket, allowing the connection to be hijacked by an external attacker.;LOW;NONE;NONE;NONE;COMPLETE;10,0;7,8;2;,00418;,03257;YES;CWE-120;2021
CVE-2021-37167;An insecure permissions issue was discovered in HMI3 Control Panel in Swisslog Healthcare Nexus Panel operated by released versions of software before Nexus Software 7.2.5.7. A user logged in using the default credentials can gain root access to the device, which provides permissions for all of the functionality of the device.;LOW;NONE;COMPLETE;COMPLETE;COMPLETE;10,0;10,0;2;,00418;,04175;YES;CWE-276;2021
CVE-2021-39375;Philips Healthcare Tasy Electronic Medical Record (EMR) 3.06 allows SQL injection via the WAdvancedFilter/getDimensionItemsByCode FilterValue parameter.;LOW;SINGLE;PARTIAL;PARTIAL;PARTIAL;8,0;6,5;1;,00209;,01357;NO;CWE-89;2021
CVE-2021-39376;Philips Healthcare Tasy Electronic Medical Record (EMR) 3.06 allows SQL injection via the CorCad_F2/executaConsultaEspecifico IE_CORPO_ASSIST or CD_USUARIO_CONVENIO parameter.;LOW;SINGLE;PARTIAL;PARTIAL;PARTIAL;8,0;6,5;1;,00209;,01357;NO;CWE-89;2021


TOTAL PRODUCTS; 479